model,IMF 1,IMF 2,IMF 3,IMF 4,IMF 5,IMF 6,IMF 7,IMF 8,IMF 9,Residual 10,Residual 3,Residual 4,Residual 5,Residual 6,Residual 7,Residual 8,Residual 9,type
anfis,0.783764107,0.276893408,0.38565764,0.348361778,0.256791641,0.332898255,0.210150778,0.11222881,0.073614047,0.134283234,0.749174653,0.523849353,0.441157092,0.333432447,0.23498532,0.177762526,0.152298277,MAE
arma,0.453699945,0.092979546,0.186091418,0.21042012,0.171283054,0.40891724,0.580303639,0.175422027,0.047929214,0.079801746,0.481190658,0.406638294,0.292251027,0.207662206,0.185532392,0.125386615,0.09562517,MAE
arma1,0.463333628,0.08919637,0.170128048,0.212149109,0.172139541,0.120371254,0.100465036,0.085835742,0.046227099,0.079607268,0.482472011,0.407315052,0.29243572,0.207665397,0.160990946,0.10689889,0.095121466,MAE
anfis,0.088402402,0.024462508,0.022669958,0.025570711,0.022681722,0.055340121,0.021218256,0.018459385,0.013563203,0.01699137,0.102517445,0.041076326,0.034118567,0.030244713,0.014281008,0.021105149,0.020645941,SE
arma,0.061230518,0.013373711,0.032939849,0.020646725,0.018469141,0.079978672,0.076267666,0.055203859,0.005867398,0.010596182,0.059326279,0.044793538,0.02474358,0.014693647,0.023232505,0.01991914,0.015359263,SE
arma1,0.062117157,0.014599485,0.033388554,0.022010202,0.019419109,0.009465637,0.009401212,0.012335935,0.006258363,0.009808791,0.061349161,0.046623778,0.026249299,0.015058586,0.01127804,0.008357925,0.013526576,SE
opt_model,arma,arma1,arma1,arma,arma,arma1,arma1,arma1,arma1,arma,arma,arma,arma,arma,arma1,arma1,arma,
