model,IMF 1,IMF 2,IMF 3,IMF 4,IMF 5,IMF 6,IMF 7,IMF 8,IMF 9,Residual 10,Residual 3,Residual 4,Residual 5,Residual 6,Residual 7,Residual 8,Residual 9,type
anfis,0.886738042981154,0.163883766188677,0.403483911884019,0.466416645746068,0.297165798656613,0.218061582723055,0.177400517898331,0.147957936685137,0.0418275292195679,0.125570605783772,0.805853021360221,0.713326449120567,0.514475748395809,0.409458935971576,0.273088665985571,0.25128121347106,0.133080503124961,MAE
arma,0.333509937629397,0.100885748867336,0.177293759573355,0.238665709305292,0.172678313643564,0.278253057635009,0.449540380822747,0.109550538902615,0.0374902096250656,0.0828527244189899,0.401487480480566,0.357277929095935,0.323037962832528,0.274838427549766,0.290723730058956,0.143073267703523,0.0908310231578272,MAE
arma1,0.377144228724022,0.0977136620342201,0.159768548910114,0.247973805699372,0.176080698804896,0.139477820029636,0.109752462254571,0.0740671890952416,0.0359896363697605,0.0827861410954336,0.402378415037228,0.359265920623763,0.323215865326807,0.274842446071319,0.20724481920218,0.134199690953698,0.0901086433554914,MAE
anfis,0.0581180543071394,0.0129756623489872,0.025122619485084,0.0363068390027902,0.0320095149486178,0.0234882157487718,0.0196194947498392,0.0248475612269228,0.00279660822619742,0.0147845517159401,0.0630545143194018,0.0549030767336451,0.0466056924412457,0.0776036840333666,0.0244953480827064,0.0282393768106746,0.0164710813624632,SE
arma,0.0399685994238333,0.00520010711126949,0.0139028976301122,0.0198837317158071,0.0127837520677986,0.051104282678835,0.0617407971760315,0.0234016801189459,0.003540092544796,0.00593555975394294,0.0359280267395233,0.0258082290258505,0.0323084748916018,0.0307091432937607,0.0394971862337186,0.016646045017268,0.00846979956603656,SE
arma1,0.0349647064290392,0.00610100170223114,0.0138004181925009,0.0252863364389178,0.0133217290090509,0.0172799126891075,0.0116102062390029,0.00613324190719057,0.00336689177568419,0.00577721880797506,0.0314888854469397,0.0257557200993813,0.0331264726560631,0.0291224028983973,0.018226524072285,0.0115187709482091,0.00820623763326273,SE
