model,IMF 1,IMF 2,IMF 3,IMF 4,IMF 5,IMF 6,IMF 7,IMF 8,IMF 9,Residual 10,Residual 3,Residual 4,Residual 5,Residual 6,Residual 7,Residual 8,Residual 9,type
anfis,0.849926588,0.193297026,0.486818956,0.438782707,0.263308819,0.206951982,0.180816984,0.106775245,0.055615474,0.13022558,0.709993133,0.570617861,0.39570378,0.297107823,0.255676844,0.179079205,0.127438668,MAE
arma,0.337769151,0.090542537,0.146572305,0.181386195,0.153253878,0.269306519,0.54227998,0.092301204,0.039862268,0.074598808,0.310522769,0.319735307,0.287604968,0.204483023,0.321338991,0.129834173,0.087299929,MAE
arma1,0.319811989,0.086624026,0.123998165,0.190429087,0.153808259,0.108933568,0.09437888,0.062160645,0.038099363,0.074765592,0.31495841,0.320143725,0.287639629,0.204485283,0.162018116,0.113166824,0.085857682,MAE
anfis,0.095220071,0.018670197,0.030522087,0.028455735,0.022958714,0.032072042,0.01979213,0.013267647,0.006846507,0.015847854,0.050545703,0.041285489,0.052091111,0.012366985,0.034492418,0.010977456,0.011748552,SE
arma,0.020568112,0.012142288,0.008719924,0.018593059,0.024292723,0.056578851,0.089971547,0.013919026,0.00786653,0.006178784,0.024538067,0.036407847,0.027989951,0.013563911,0.076274921,0.016487974,0.006930462,SE
arma1,0.038159875,0.012529915,0.005954595,0.021474219,0.026450345,0.01571441,0.004926134,0.009800711,0.007136542,0.005592455,0.026919716,0.042333287,0.026556837,0.014797385,0.013318072,0.008332844,0.006332692,SE
opt_model,arma1,arma1,arma1,arma,arma,arma1,arma1,arma1,arma1,arma,arma,arma,arma,arma,arma1,arma1,arma,
