model,IMF 1,IMF 2,IMF 3,IMF 4,IMF 5,IMF 6,IMF 7,IMF 8,IMF 9,Residual 10,Residual 3,Residual 4,Residual 5,Residual 6,Residual 7,Residual 8,Residual 9,type
anfis,0.552915362597269,0.170601349027346,0.399873495127676,0.375976298824878,0.338613807533702,0.31325130919308,0.191567896676089,0.136718580085496,0.0711310131216834,0.127398381486048,0.666784571122397,0.568636918510301,0.461819263041895,0.352877580103891,0.292138604120621,0.206732309429815,0.153050292754041,MAE
arma,0.31846610430109,0.097510825675903,0.119658349333917,0.187631621328404,0.154484641365416,0.248759549516508,0.515636458168755,0.113755949108081,0.0520512244108179,0.0828214351663623,0.365308339920117,0.330826633239038,0.293289624747793,0.236316981546131,0.269752988564038,0.192081110449938,0.101337439027491,MAE
arma1,0.330171291524031,0.0985015466699849,0.128138432356128,0.198188751979635,0.155186219826457,0.125511372071007,0.104180214243573,0.0821262048926758,0.0496129627294588,0.0827623822487282,0.366308253503571,0.331078350047848,0.293399403435243,0.23632205069068,0.179219341874541,0.139486797986605,0.100973785350449,MAE
anfis,0.0544988845005751,0.0205988942832787,0.038345696405245,0.0272875147343176,0.0402023304659493,0.0883291268903539,0.0330080381310548,0.0217057321939384,0.0068395444800453,0.0100919170486144,0.0459366345513463,0.0343364902583531,0.0325490742311381,0.0202813496726706,0.0333819897408898,0.0165870381750159,0.010347407018651,SE
arma,0.0292338118184872,0.00605219876131578,0.012050155664964,0.0205686746750422,0.0160890323820194,0.0402327947419536,0.0681782877394481,0.0107309573824008,0.00508161605444131,0.00642582427408112,0.0308219874749934,0.0193091682618934,0.0154427417210998,0.0168252232261594,0.0805208367864048,0.0404127222568114,0.00632259735936064,SE
arma1,0.0246175309069044,0.00694257151825928,0.00993098052912556,0.0220281504588354,0.0163405919662446,0.00999781298778427,0.0119844535927507,0.00926735284597629,0.00515496114281771,0.00595806238931451,0.0303258264279895,0.0229853723314817,0.0144013863769045,0.016154601197982,0.013822517703903,0.0107090227192741,0.00600074712331329,SE
