,Persistence,VAR,MC,EMD
Persistence,0,0.249568527,0.045164556,-0.126108804
VAR,-0.332566711,0,-0.272381927,-0.500615105
MC,-0.04730088,0.214072458,0,-0.179374741
EMD,0.11198634,0.333606601,0.152093083,0
