,Persistence,VAR,MC,EMD
Persistence,0,0.097429221,0.018761132,-0.3648889
VAR,-0.10794635,0,-0.087160022,-0.512223674
MC,-0.019119842,0.08017221,0,-0.390985359
EMD,0.267339635,0.338722163,0.281085172,0
