,Persistence,VAR,MC,EMD
Persistence,0,-0.107792256,-0.018934129,0.267454132
VAR,0.097303673,0,0.080211904,0.338733536
MC,0.01858229,-0.087206939,0,0.281066512
EMD,-0.365102233,-0.512249683,-0.390949256,0
