,Persistence,VAR,MC,EMD
Persistence,0,-0.138269413,-0.018934129,0.246735204
VAR,0.121473362,0,0.080968714,0.338236812
MC,0.01858229,-0.088102239,0,0.279933993
EMD,-0.365102233,-0.511114577,-0.388761572,0
