,Persistence,VAR,MC,EMD
Persistence,0,-0.104809035,-0.047057639,0.242806171
VAR,0.0948662,0,0.05227274,0.314638272
MC,0.04494274,-0.05515589,0,0.276836537
EMD,-0.320665809,-0.459083517,-0.382813224,0
